index,text,true_label,predicted_label
0,"Acting , Dialogue delivery , dance ellamae super ....",Not_offensive,Not_offensive
1,Mani sir  fans like hit,Not_offensive,Not_offensive
2,இயக்குனர் மோகன் அவர்களுக்கு மல்லை நகரத்தின் சார்பாக வெற்றி பெற வாழ்த்துக்கள் புரட்சி மூலம் வெற்றி கிடைக்கும்,Not_offensive,Not_offensive
3,Ellam avan seyal movie madri iruku,Not_offensive,Not_offensive
4,"Anji vaati padam paarthen Idhuku maele evalo'vaati paarkureno But will watch Dhanush semma acting Amitabh, Nana Patekar, Al Pacino level'la nadichirkaaru",Not_offensive,Not_offensive
5,Nee Enna Periya Vasul Mannana Theriyala Appadithan Pesikiranga Thalapathi Mass Da,Not_offensive,Not_offensive
6,"VISWASAM 1.3 MILLION LIKES , NERKONDA PAARVAI ATHEYUM BEAT PANNUM NU NINAIKARAVANGA YAARU ?",Not_offensive,Not_offensive
7,Surya anna fans selavaragavan fans approm yuvan fans like pannuga ienga mass work good team work,Not_offensive,Not_offensive
8,Singam 3 coming soon iam waiting i like u suriya,Not_offensive,Not_offensive
9,I am thalapathy fan but idhula thala semmaya irukaru,Not_offensive,Not_offensive
10,Tharama sambavam only at Aug 8,Not_offensive,Not_offensive
11,50 k likes in 17 minutes!!!!!,Not_offensive,Not_offensive
12,Saw Movie maathiri iruku... But anyways Myskin  waiting badly,Not_offensive,Not_offensive
13,Hit like for           Surya,Not_offensive,Not_offensive
14,Guys please support our trailer  ...........,Not_offensive,Not_offensive
15,Anathi army da  Yaka vera level,Not_offensive,Not_offensive
16,Samuthirakani love ah ada amam sunaina cute girl,Not_offensive,Not_offensive
17,Paakradhuku Chinna paiyan Maari style ah irukeenga....... How true ?,Not_offensive,Not_offensive
18,EnnadA 20 time's mela patachu idhu verailkum. Views erala da dae youtube channel owner unna adichu koluvaenda,Not_offensive,Not_offensive
19,நாடு சீர்குளையும் இத் திரைப்படம் மூலம்!!!! நாம் ஒற்றுமையுடனும் மகிழ்ச்சி பெறவும் திரைப்படம் காட்டுங்கள்!!!,Not_offensive,Not_offensive
20,இயக்குனருக்கு பாராட்டுக்குகள் தவறுகளை தோலுரித்து மக்களுக்கு எடுத்து உரைக்க முயன்றிறுக்கும் இந்த முயற்சி வெற்றி பெற வாழ்த்துக்கள்,Not_offensive,Not_offensive
21,Yuvan for life Yuvan fans hit like,Not_offensive,Not_offensive
22,Trailer vera level la irku kandipa padam hit adikum...by sabari சேலம் Attur vanniyar sangam,Not_offensive,Not_offensive
23,நா கவுண்டண்டா....நாங்க செய்ய போறத படமா எடுத்துடாங்க,Not_offensive,Not_offensive
24,உங்க பொண்ணுங்க மேல உங்களுக்கே நம்பிக்கை இல்ல....,Not_offensive,Not_offensive
25,Only for sk anna fans like here,Not_offensive,Not_offensive
26,All d best from #DBOSS darshan fanszz #KARNATAKA,Not_offensive,Not_offensive
27,FDFS poga poravanga ellam like podunga,Not_offensive,Not_offensive
28,உடையார் சமூகம் சார்பாக வாழ்த்துக்கள். இவன் பெரம்பலூர் நத்தமன் உடையார்,Not_offensive,Not_offensive
29,Malai vantha mayil aadum...thala vanthaa tamil nadey aadum....,Not_offensive,Not_offensive
30,jayam Ravi Kajal Agarwal fans like there,Not_offensive,Not_offensive
31,48K likes left for 500K likes,Not_offensive,Not_offensive
32,#kaappan  வெற்றி பெற வாழ்த்துக்கள் surya fans,Not_offensive,Not_offensive
33,Chindamani kolacase movie orma vannavark ivide like adikkam,Not_offensive,Not_offensive
34,"சாதிகள் இல்லையடி பாப்பா, சாதிச்சலுகை மட்டும் வேண்டுமடி பாப்பா...",Not_offensive,Not_offensive
35,ஜடா வெற்றியடைய தளபதி ரசிகர்களின் சார்பாக வாழ்த்துக்கள்,Not_offensive,Not_offensive
36,semma bgm. awesome  santosh narayanan,Not_offensive,Not_offensive
37,சிறப்பு விஜய் அண்ணா. வெற்றிபெற என் வாழ்த்துக்கள்.,Not_offensive,Not_offensive
38,இப்பதெரியுதா எதுக்கு எங்க அண்ணன நடிப்பின் நாயகன் னு சொல்றம்னு ...நடிப்பின் நாயகன்,Not_offensive,Not_offensive
39,petta vadha vevagam alathamuduno Rajni fans Bangalore like hear,Not_offensive,Not_offensive
40,a.r rahman sir music vera level.,Not_offensive,Not_offensive
41,Dhanush Anna   Love u Anna,Not_offensive,Not_offensive
42,Thala semma !!! Love you thala,Not_offensive,Not_offensive
43,Mani ratnam sir Vera level bgm awesome,Not_offensive,Not_offensive
44,திருச்சி பேரரசர் பெரும்பிடுகு முத்தரையர்  மாவட்டம் சார்பாக வாழ்த்துக்கள்,Not_offensive,Not_offensive
45,Padam pattu trailer vachu compare pannravaga yaarum irukingala,Not_offensive,Not_offensive
46,Semma trailer...  oru nalla entertain movie iruku,Not_offensive,Not_offensive
47,உண்மையை உரைக்க சொல் மிரட்ட வருகிறாள் திரௌபதி   மோகன் அண்ணா அருமை வாழ்த்துக்கள்,Not_offensive,Not_offensive
48,Thala naa Mass  Thala naa Class  Thala naa Gethu Thala naa Verithanam,Not_offensive,Not_offensive
49,"STR  Anna  veriyan  daa.,,",Not_offensive,Not_offensive
50,124k likes in one hour Thala bloods hit like,Not_offensive,Not_offensive
51,திரௌபதி பட ஹீரோ Dr.அன்புமணி போல் தெரிவது எனக்கு மட்டும் தானா?,Not_offensive,Not_offensive
52,Ada Enna ma nee....KK na Kadaram Kondan....ithu kooda theriyatha,Not_offensive,Not_offensive
53,Intha padhathulae nanum naduchurukadhu santhosama iruku     vaipu kudutha samuthirakani annanuku thanks na padam verithanama irukum come back sasi Anna supera dance aduningana best of luck na,Not_offensive,Not_offensive
54,All thala fans trailer pathutu kandipa teaserayum parunga teaser 20m views vara innum 6 lakshs viwes thaan venum NEVER EVER GIVEUP,Not_offensive,Not_offensive
55,Nalla per irunthale padam psyco mari irukum ithula pere psycona epudi irukummmm. We r waiting miskin sir,Not_offensive,Offensive_Targeted_Insult_Individual
56,Trailer verithanama iruku poran naanum 16yrs ku munnadi pora,Not_offensive,Not_offensive
57,சேலம் பாட்டாளி மக்கள் கட்சி மாணவர் சங்கம் சார்பில் படம் வெற்றி பெற்ற வாழ்த்துக்கள்,Not_offensive,Not_offensive
58,Single pasangalam readya irunga inda lovers dayla masss panrom,Not_offensive,Not_offensive
59,Madha gaja raja mathiri than epo release agumo.........,Not_offensive,Not_offensive
60,2M likes varumnu solravanga Like podunga,Not_offensive,Not_offensive
61,Malayaman nathaman suruthiman makkal saarbaga valthukal,Not_offensive,Not_offensive
62,அப்பாடா கடைசியா யோகி பாபு தலை சீவி நல்ல getup ல நடிக்க வச்சிருக்கானுக,Not_offensive,Not_offensive
63,MY Favourites Lallettan and Suriya,Not_offensive,Not_offensive
64,Yella 90kids samar panama irrukum,Not_offensive,Not_offensive
65,"Trailer ku, இப்படி ? படம் வந்தா அவ்வளவு தான் ...",Not_offensive,Not_offensive
66,படம் வெற்றி பெற தங்களை அன்புள்ள நமது செந்தங்கள் அனைவரும் பகிரவும்,Not_offensive,Not_offensive
67,"ஒரு முக்கியமான விடயம் மற்றவர்களா கூறை சொல்லி என்னா பன்னுறது விட்டு பெண்களுக்கு தெரிய வேண்டும்.   இந்த உலகம் புரியரத்துகுள்ளயே காதல் பள்ளிகுடம் படிக்கும் போதே காதல், எல்லா சமுகத்துலயும் கெட்டவன் இருக்கான்னுங்க அவன் தனிப்பட்ட முறையில அவனேட செயல்படுறனங்க.ஆனால் மத்தவங்க துண்டுதாலின் பெயர்ல செயல்படுறவான என்னப்பன்றுது. யாரு துண்டுனனு உங்களுக்கே தெரியும்.......? போலி ஜடியில் வசை பாடுவதை விடுங்கள் ஹரி கோனார் மன்னார்குடி",Not_offensive,Not_offensive
68,Idhu thai pongal illa... pettayila nadakkum pongal.... indha pongalukku rajini kuda sweet sapuda poram...,Not_offensive,Not_offensive
69,Neraya neraya ....iruku ...sikiram Release panuga ...thala Veriyan,Not_offensive,Not_offensive
70,Who all here after bigil trailer hit like,Not_offensive,Not_offensive
71,sivakarthikeyan & yuvan shankar raja       \r Fans Hit like,Not_offensive,Not_offensive
72,G v p Kumar music Vera leval bgm,Not_offensive,Not_offensive
73,#NGK Mass  Suriya anna vera level,Not_offensive,Not_offensive
74,Kaappaan tha kapathanum meendu va singame,Not_offensive,Not_offensive
75,Unlike pannawan poora 2k kids 90s kids daaaa,Not_offensive,Not_offensive
76,வீர வன்னிய குல சத்திரிய வம்சத்தின் போர்வாள் மீண்டும் எழுச்சி பெற்று விட்டது,Not_offensive,Not_offensive
77,கொங்கு வேளாளர் கவுண்டர் சமுதாயம் சார்பாக படம் வெற்றிபெற வாழ்த்துக்கள்...,Not_offensive,Not_offensive
78,நாடக காதலை எதிர்க்கும் அனைத்து ஜாதி சங்கங்கள்  சார்ப்பாக இத் திரைப்படம் வெற்றி அடைய வாழ்த்துகள்.,Not_offensive,Not_offensive
79,Comment panna adutha nimsamey like varudhu thala fans vera leval,Not_offensive,Not_offensive
80,Asuran hit aagum nu ninaikuravanga like panunga,Not_offensive,Not_offensive
81,Epdi naraya.. Naraya.. Naraya..naraya..naraya..naraya..this is ajith kumar roar..,Not_offensive,Not_offensive
82,NGK  to kaappan loading...,Not_offensive,Not_offensive
83,Pudusa irukku ovvoru thadava paakum bodhum.... Vera level,Not_offensive,Not_offensive
84,Veri tanam thalapathy na mass,Not_offensive,Not_offensive
85,இது Ngk இல்ல Ntk நாம் தமிழர் கட்சி சீமான் தமிழன்டா. ஆட்சி மாறும் பார்.,Not_offensive,Not_offensive
86,Vijay Anna rocks IlaiyaThalapathy Vijay rocks I'm Waiting Thalaiva,Not_offensive,Not_offensive
87,Enaku ennamo cinematography serial la vara mari thonuthu 🤔,Not_offensive,Not_offensive
88,SEMMMAA Karthi Anna Kalakkal MASSS,Not_offensive,Not_offensive
89,Anna teaser pataya kelapiteenga na theriiiiiiiiiii,Not_offensive,Not_offensive
90,Pink 2 looks like who thinks ????,Not_offensive,Not_offensive
91,Seriyana serupadi. Kutham panavam ninchu kuru kurunu irukum. Ponnuga life ha yamathi pala kudumbatha azijudu poravanku serupadi,Not_offensive,Not_offensive
92,Thala naa mass  Mass naa Thala,Not_offensive,Not_offensive
93,Hip hop thamizha  jayam ravi fans,Not_offensive,Not_offensive
94,Luv u Suriya sir n Mohanlal sir....,Not_offensive,Not_offensive
95,superb Surya Sir iam a big fan to you sir,Not_offensive,Not_offensive
96,in srilanka trending #1  THALA SUPER,Not_offensive,Not_offensive
97,பெண்களை இவனிங்க சொத்தா பாக்காங்களாம்.. முதல்ல உணர்ச்சி உள்ள சக உயிரினமா பாருங்கடா அப்பர செண்டிகளா....,Not_offensive,Not_offensive
98,Suriya Anna Mass Acting Semma Teaser Waitingggggggggggggģ,Not_offensive,Not_offensive
99,I'm waiting!!!vijay Na summa va??!!!! thalapathy dawww!!!!!,Not_offensive,Not_offensive
100,வடக்கு வன்னியர் குல சத்ரியர்களின் சார்பில் படம் வெற்றி அடைய வாழ்த்துகிறேம்,Not_offensive,Not_offensive
101,Thipramahadevi pradeep padaiyachi  sarpaha valthugal,Not_offensive,Not_offensive
102,Adichi oda da atha oda da atha oda da atha oda da atha oda da atha oda da atha oda da atha 🤣🤣,Not_offensive,Not_offensive
103,Kerala thala fans ...  Aarokke und ..,Not_offensive,Not_offensive
104,By end of tis week 11.5M+ views,Not_offensive,Not_offensive
105,thalaivar varum bodhu mezhuguvarthi anajadha paatheengalaa stand. irattai mezhuguvarthi simonukku tharamaana sambavam,Not_offensive,Not_offensive
106,"vera level movie., we are waiting.....",Not_offensive,Not_offensive
107,Entha music padathu ila ethuko  vishiyathu use panirupanga antha trailer ila ah eruku,Not_offensive,Not_offensive
108,thalaiva theriiiiiiiiiiiiiiiiiiiiiiiiiiiiiiiiiiiiiiiiiiiiiiiiiiiiiii i love u vijay,Not_offensive,Not_offensive
109,Yaarellam bigil update paathutu inga vandhinga like podunga,Not_offensive,Not_offensive
110,Indian petta super star Rejani sir,Not_offensive,Not_offensive
111,Salami fans ku oru  ooooo podu,Not_offensive,Not_offensive
112,Best Best Best Best Best Best Best X infinity times,Not_offensive,Not_offensive
113,mass naathu vijay anna matum thanda,Not_offensive,Not_offensive
114,Super trailer namma movie Namma annaVIJAY avargalutayathu,Not_offensive,Not_offensive
115,Vera level trailer especially climax dialog marana bangam...,Not_offensive,Not_offensive
116,Diwali release 2.0 vs sarkaar like,Not_offensive,Not_offensive
117,Maranam massu maranam athuku thalairu thanda varana.......super thalaiva,Not_offensive,Not_offensive
118,December 20....naan starwars pooren.... Hero vum,Not_offensive,Not_offensive
119,"தமிழ் நாட்டில் இத்தனை சாதிகளா, commant பார்த்து தெரிந்து கொண்டேன்... ஆக ஒன்று மட்டும் புரிகின்றது ரவுடி கும்பல் ஒன்றின் வேசம் கலைகிறது",Not_offensive,Not_offensive
120,Vera  11 vjs anna fans like podunga🤩,Not_offensive,Not_offensive
121,Ithu ena ya aruvam movie Mari vanthuruku polapei movie a Ella spots movie ah🤔🤔,Not_offensive,Not_offensive
122,சூர்யா +செல்வா+யுவன் = கலையின் மூவேந்தர்கள்,Not_offensive,Not_offensive
123,Ultimate star Ajithkumar vera level  MASS,Not_offensive,Not_offensive
124,10 million cros kaappaan teaser,Not_offensive,Not_offensive
125,Trailer parthu enaku siruppu thanga mudiyale,Not_offensive,Not_offensive
126,darbar motion poster ku yaar la wait panra like ah podu,Not_offensive,Not_offensive
127,அய்யா ஆசியுடன் வெற்றி பெற வாழ்த்துக்கள்,Not_offensive,Not_offensive
128,Wow semma i am marana waiting,Not_offensive,Not_offensive
129,Thala nee mass thala yara varuva o munadi,Not_offensive,Not_offensive
130,Indha maari ponnungalukkellam indha mathiri thaan nadakkum Appadi ellam Nadakkathu nadakkavum koodathu,Not_offensive,Not_offensive
131,naa yarunu yeppume naa mudivu panrudhille yen yedhure erukuvendha moodive pannuvam..,Not_offensive,Not_offensive
132,Thaliva ne epavume vera level Mass ....,Not_offensive,Not_offensive
133,Again again pathuten semmaya iruku... I love Mani sir... Nenga yepavum thani gethu than...,Not_offensive,Not_offensive
134,Onnu maattum nalla theridhu  Asuran ninnu pesa podhu.... vetrimaran + dhanush = vetridhan.. ..,Not_offensive,Not_offensive
135,Any one after kaappan  like here,Not_offensive,Not_offensive
136,Thala post ah maathu thala 2million cross panni poitu irukkom,Not_offensive,Not_offensive
137,2:08 ivarukku vayasu 60+ ah illa 30+ ah???,Not_offensive,Not_offensive
138,"பா.ரஞ்சித்,மாரி செல்வராஜ் எடுத்தது சமூக படம் என்றால் இதுவும் சமூக படமே... Good trailer,All the best to team",Not_offensive,Not_offensive
139,"Politics pathi padam na kandipa naan pappen, Like if you watch this movie 🤗🤗🤗",Not_offensive,Not_offensive
140,#trending - வெயிட்டிங் ஃபார் த மூவி 🤩,Not_offensive,Not_offensive
141,Semma MASS Chiyan Vikram Sir  I am waiting,Not_offensive,Not_offensive
142,Thala 60 title ku verithanama wait panravanga matum like panunga,Not_offensive,Not_offensive
143,Movie semma...  Thala kalakitaru...  Siva sir ku oru salute......  Verithanamane rasiganu ku veritanama movie,Not_offensive,Not_offensive
144,Yarellam Viswasam trailer pathu2 inga varinga..,Not_offensive,Not_offensive
145,masssssssss na thalapathy theriiiiiiiiiiiiiiiiiiiiiiiiiiiiiiiiiiiiiiiiiiiiiiiiiiiiiiiiiiiii  i am waiting,Not_offensive,Not_offensive
146,Surya annna mass mass pakka mass,Not_offensive,Not_offensive
147,Iyooooo thala.... Massssssss love u    thalaaaaaaaaa,Not_offensive,Not_offensive
148,நாடக காதல் கும்பலை கருவருக்க வேண்டும். திரெளபதி படம் வெற்றி பெற  பாமக சார்பாக வாழ்த்துக்கள்,Not_offensive,Not_offensive
149,Marana mass..... Thalaivar Pakka mass.... I'm waiting...,Not_offensive,Not_offensive
150,வீர சைவ குலத்தின் சார்பாக படம் வெற்றி பெற வாழ்த்துகள்,Not_offensive,Not_offensive
151,Ajith body and bike stunt ah fdfs la paakanum nu romba aasaiyoda irukravanga like panunga,Not_offensive,Not_offensive
152,Ipovae above 20 tyms ku mela paathavanga like pannunga,Not_offensive,Not_offensive
153,Thalaiva horse riding marana mass..chance ah ila...marana mass,Not_offensive,Not_offensive
154,1 million views likes kodu varum thala fans support nkp trailer,Not_offensive,Not_offensive
155,"Epo 96 la avar arasiyaluku varadhunu urudhinu sonaru, poiya unmai aaka ungalala dhan mudium, edhu sonalum namba Inga ullavangalala nallavae mudidhu..",Not_offensive,Not_offensive
156,மாஸ் டிரைலர் மோகன் ஜி அண்ணா அவர்களுக்கு வாழ்த்துக்கள்.,Not_offensive,Not_offensive
157,May31 NGK... August 30 kaappaan... 2020 pongal surarai pottru...2020 Diwali suriya39,Not_offensive,Not_offensive
158,i am marana waiting in tha kaali yooda aattatha pakka mass thalaiva,Not_offensive,Not_offensive
159,இதில்  தலீத் சமுதாயம் தவிர மற்ற அனைத்து சமுதாய மக்களும் பாதிக்கப்பட்டு ஆதரவு கொடுக்குராங்களை ஆதரவுக்கு நன்றி  வெற்றி! வெற்றி ! வெற்றி !,Not_offensive,Not_offensive
160,Ithu Pola la nadika enga thalivar ala matum tha mudiummmm...annna ne vanaaa....vera level waiting,Not_offensive,Not_offensive
161,Thiruvallur mavattam sarbaga vetri pera vazhthukkal...,Not_offensive,Not_offensive
162,my hero ajit kumar aavaran king brand,Not_offensive,Not_offensive
163,Trending vittu evloo kila venaalum pogatum .na daily intha trailer pakuvan comment poduvan.,Not_offensive,Not_offensive
164,anna padam thaaru maaru.teaser hits 11m.intha 2017 namma surya fansku thaan.,Not_offensive,Not_offensive
165,thalaivaaaaa suma alluthu evlo nal aachu ipdi ungala screen la parthu karthik subburaj thx broooooooo,Not_offensive,Not_offensive
166,5 HRS 4.1M views. Thalaivaa Semma mass,Not_offensive,Not_offensive
167,Vaai vittu sirital noai vittu pogum,Not_offensive,Not_offensive
168,Kathir bro vikram vedha nala turn and pariyerum perumal bigil and congrats to sarbath and jada,Not_offensive,Not_offensive
169,கிராமனி' நாடார்' மூப்பர் 'சானார்' இன சான்றோர் குலத்தின் சார்பாக வாழ்த்துக்கள்....,Not_offensive,Not_offensive
170,pWoliiii  superb  oZAm bgm #Vijay annaaaa love yewww,Not_offensive,Not_offensive
171,surya Anna s3 marana mass teaser,Not_offensive,Not_offensive
172,Who's here after visvasam trailer ?,Not_offensive,Not_offensive
173,Thalaivan a vera level la Paaklam pola .... Marana waiting.... #NGK,Not_offensive,Not_offensive
174,Vijay sir super mass therika vidunga,Not_offensive,Not_offensive
175,varlulan varulan vaa varulan vaa bairavaa,Not_offensive,Not_offensive
176,Pakkuratha irundal podradi first day first show pakkanam,Not_offensive,Not_offensive
177,2:09 Humanoid Robot eh :-o2018-2019 2.0,Not_offensive,Not_offensive
178,Padamna ithu pola jolly ah edungapa ...be Happy,Not_offensive,Not_offensive
179,2k18 la trending 2.iniki 2k19 la first eduthutu vandhu sweet saapdaporom,Not_offensive,Not_offensive
180,ஒத ராஜாவாதான் வருவேன்.....ராஜாவா வந்தா ராஜாகு நூறு தோஸ்து...   nice dialogue,Not_offensive,Not_offensive
181,semma  teaser thaliva pakka mass,Not_offensive,Not_offensive
182,Super thala....semaaaaaaaaaa....I love u my dear Thala,Not_offensive,Not_offensive
183,September 8 ( Today )...13 Years Of Sillunu Oru Kaadhal .,Not_offensive,Not_offensive
184,01:23 peppy aa sema music  U1,Not_offensive,Not_offensive
185,Theme pathuttu  vanthavanga like ah thattunga,Not_offensive,Not_offensive
186,i like ashok and ritika and same dm fame sathya,Not_offensive,Not_offensive
187,Omg it's awesome I got a Goosebumps,Not_offensive,Not_offensive
188,1:41 to 1.50 ..... What hav yu done U1.... Thaaaa goosebumps,Not_offensive,Not_offensive
189,Any Malayalies   Rajani Sir Hit like Here,Not_offensive,Not_offensive
190,Tamil cinema vera level ahhh movie edukuranga,Not_offensive,Not_offensive
191,come on suriya Anna fanz 10million vandea aganum,Not_offensive,Not_offensive
192,Sema Gethu... BGM summa allu viduthu,Not_offensive,Not_offensive
193,பார்க்கவகுல சார்பாக படம் மாபெரும் வெற்றி பெற வாழ்த்துக்கள்...,Not_offensive,Not_offensive
194,Nadipin Nayagan Suriya  Marana Waiting,Not_offensive,Not_offensive
195,Vere Level #Thalaaa  Heavy Trailer  #marana_mass,Not_offensive,Not_offensive
196,Sema last line than marama masss,Not_offensive,Not_offensive
197,Inniku tha indha padatha pathi peasumnum adhukulla traileru,Not_offensive,Not_offensive
198,Periyar chair adhu!  Anna ta solladhinga!  #arun_vijay,Not_offensive,Not_offensive
199,"padam pakka mass , teaser 11 million",Not_offensive,Not_offensive
200,Vera lvl..... Thalai  aiii saranam.......,Not_offensive,Not_offensive
201,Onumeh purilanu sollaravanga like pannunga 🤣but like myskinn movies,Not_offensive,Not_offensive
202,திரௌபதி gang bang mom  அருமையாக நடித்துள்ளார்கள் சகோ,Not_offensive,Offensive_Targeted_Insult_Group
203,Kadisila teejay vumah gv music vera level pa,Not_offensive,Not_offensive
204,மேலும் இது போன்ற பல திரைபடங்கள் எதிர்காலத்தில் வரவேண்டும். சங்கே முழங்கு சாதிகள் உள்ளது என... தீரன் அண்ணன்மார் ரத்தம் தீராத யுத்தம்......,Not_offensive,Not_offensive
205,semma massss tresar surya anna semma act,Not_offensive,Not_offensive
206,Intha agela ippadi oruththarala nadikka mudiyumna sollunga saththiyama na unga fan aana but i'am rajini uyir da,Not_offensive,Not_offensive
207,சமூக அவளங்களை துல்லியமாக தோலுரிகின்ற படம் நாடக காதல் #திரௌபதி  வெற்றி பெற கோட்டூர் நாடானோட மனமாற்ந்த வாழ்த்துகள்,Not_offensive,Not_offensive
208,14.12.2018 epo trailer pathutu irken ... Semaya iruku,Not_offensive,Not_offensive
209,Kerala thala die hard fans like here,Not_offensive,Not_offensive
210,Ithuku Deepa akkavaye nadika vachirukalam,Not_offensive,Not_offensive
211,Trailer pudikalana like eh podu Tariler pudicha comment pannu,Not_offensive,Not_offensive
212,"வித்யாசமான திரைக்கதையில், நேர்த்தியான கதையோடு, அழகான குறும்படம் ...",Not_offensive,Not_offensive
213,Sk fan la like panunga bro,Not_offensive,Not_offensive
214,Thaliva ni vera Laval... Love you anna,Not_offensive,Not_offensive
215,"Super nadippin hero chiyaan. Kamal fans like me,",Not_offensive,Not_offensive
216,Engal mana kumuralai thirai padama iyakiyathuku nandrigal  - Erode Kongu Gounden,Not_offensive,Not_offensive
217,Watching again and again ...Suriya Anna,Not_offensive,Not_offensive
218,Iam from. Andhra.     I will. Support. Vijay sethupati sir   All Tamil guys supporting.  Mega star.,Not_offensive,Not_offensive
219,"Vera level i,m waiting for comaliiiiiii",Not_offensive,Not_offensive
220,Mannu ponnu rendum mukkiyam  Mass dailogh,Not_offensive,Not_offensive
221,style la irukkena?? .... naturally!!!  Vera level thalaiva,Not_offensive,Not_offensive
222,NGK ஆனா எனக்கு NTK னு கேக்குது. NTK க்காகவே இந்த படம் எடுத்தமாதிரி தெரியுது...  NTK. NAAM TAMILAR KATCHI. SEEMAN.,Not_offensive,Not_offensive
223,Tharamana sambavatha inimey than pakka pora,Not_offensive,Not_offensive
224,Bigil trailer paathutu Inga vandhavanga oru like ah potitu ponga,Not_offensive,Not_offensive
225,15.1M VIEWS NOW 16M VIEWS SOON,Not_offensive,Not_offensive
226,Ungalala mattum epdi ipdi shot vaika mudiudhu.....hatsoff vetri sir,Not_offensive,Not_offensive
227,Tamilnattu pirpaduthappatta samugangalin sarpaka padam vetri adya vazhthukkal !!!,Not_offensive,Not_offensive
228,2 millionaire viewers     Gathu da,Not_offensive,Not_offensive
229,Ilayaraja sir Tha Hero intha movie la..,Not_offensive,Not_offensive
230,Tamil cinema Vai oulagatharathircku kondu sellum muyarchi  Sankar hotsap,Not_offensive,Not_offensive
231,Like so much Thala from AP PawanKalyan Anna fans,Not_offensive,Not_offensive
232,Hit like world wide Rajini Sir Fans,Not_offensive,Not_offensive
233,BGM    karthi  telugu fanz like here,Not_offensive,Not_offensive
234,I love jayam Ravi semma actor,Not_offensive,Not_offensive
235,Semma mass bro ippadi patta stroy ah eluthi mattum edunga bro padam vera level verithanam bro,Not_offensive,Not_offensive
236,Mass ah ellama mechured ah actpanirukaru #thala ana athuve bayangara mass ah erruku,Not_offensive,Not_offensive
237,I m waiting for u Thalaiva va sekrama screen la va Thalaiva dhanush,Not_offensive,Not_offensive
238,400k++ likes in 5 million views...,Not_offensive,Not_offensive
239,Class padathukku ivlo mass look..just Thala things,Not_offensive,Not_offensive
240,Sema நான்கு துருவங்கள் நச்சுனு  விஜய் சேது  அரவிந்த்  சிம்பு  அருண் விஜய்,Not_offensive,Not_offensive
241,Irumugan maari irukum pola...   Waiting for vikram sir,Not_offensive,Not_offensive
242,Meendum family yoda paka koodiya oru nalla padam,Not_offensive,Not_offensive
243,"Superb dialogue, en appa military da koli vilayadava solli kodupan... Chance cae illa... Sila seen la mounam peasiyathey Surya maathiriyae iruku look.. super that too. Kaathirupom....",Not_offensive,Not_offensive
244,Elam girls um trailer ah patha maari movie ya kandipaa parungaa....,Not_offensive,Not_offensive
245,Thala rasigan endru solluda  Thalai nimirnthu nilluda,Not_offensive,Not_offensive
246,Super Anna love you N G K,Not_offensive,Not_offensive
247,My dear Thalaaaa... Marana waiting for NKP,Not_offensive,Not_offensive
248,Thala Phoenix Paravai !!!! Poradameh avan pogamaatan !!! YOU WILL SEE MY RAGE !!! PHAITIYAM PUDIKIRA MATIRI IRUKE !!!!! THAALLAAAA SIKIRAM VANGA !!!!!,Not_offensive,Not_offensive
249,Teaser ah Vida vfx semmaya panni irknga,Not_offensive,Not_offensive
250,Adappavigala moththa trailer layum last scene senjutinga  Sirippu adakka mudila,Not_offensive,Not_offensive
251,நமக்கு மறுமலர்ச்சிக்கு அப்பரம் ஒரு விருந்தாக அமையும் இந்த படம்,Not_offensive,Not_offensive
252,Mohanlal is looking like Narendra modi,Not_offensive,Offensive_Targeted_Insult_Individual
253,Feb 14 Single Pasanggaluku tharamana sambavam iruku,Not_offensive,Not_offensive
254,comment பக்கம் ஒரு நாடக காதல் குழுவையும் பார்க்க முடில. இந்நேரம் ஜாதி தான் சமூகம் என்றால் வீசும் காற்றில் விஷம் பரவட்டும் னு குமுற ஆரம்பிச்சி இருப்பானுங்க.. அது சரி குற்றம் உள்ள நெஞ்சு குறுகுறுக்க தானே செய்யும்...,Not_offensive,Not_offensive
255,semma mass pakka family entertainerah irruka poguthu,Not_offensive,Not_offensive
256,"YUVAN + SELVA SIR , >>>> THE GREATEST",Not_offensive,Not_offensive
257,Best Wishes For Dhanush Fans.   Thalaaaaaa,Not_offensive,Not_offensive
258,Waiting for kaapaan super Surya action,Not_offensive,Not_offensive
259,டிரைலர் நல்லா இருக்கு ப்ரோ படம் எப்ப ரிலீஸ் ஆகப்போகுது ப்ரோ நாங்க படம் பார்க்க ஆவலுடன் காத்திருக்கிறோம்,Not_offensive,Not_offensive
260,"Kalappu thirumanam seiyarathu thappu seri ok irruattum appo antha makkal en ungalukku vote podanum kekareenga? Unga saathi ponna kaapathikonga sir , avanga vote yum kekatheenga,thirumavalavan ah kora solra neenga,divya entha aranmanai vechirunthanga nu sollunga,ippo divya oda nilamai enna nu solluveengala? Intha padatha Dalits  purakanikkanum appo than intha mathiri veruppu mikka padangal varathu",Not_offensive,Offensive_Targeted_Insult_Group
261,Wow bravo super.  Surya Anna masssss semma semma semma.  Waiting....,Not_offensive,Not_offensive
262,Climax tha bangam..sirchu sirchu vairu valikuthu daa daee🤣🤣🤣🤣,Not_offensive,Not_offensive
263,Rajini mass forever  Hit like if you agree,Not_offensive,Not_offensive
264,Thidinu sudden ah annoce pani trailar vitu intha alavu... lam thala oruvaruku matumey,Not_offensive,Not_offensive
265,"makkal selvan vallavanukku nallavan ,the amazing VIJAY SETHUPATHI'S fans like here please.",Not_offensive,Not_offensive
266,Dhuruva natchatiram teserah next pakka poravanga irrukingala,Not_offensive,Not_offensive
267,mr .lokesh kangaraj enna bigil kudaya nega thaan thalapathy64 edukiranga movie konjam date mathi poota nalla irukum,Not_offensive,Not_offensive
268,Nan sirikka ready. I am witeting,Not_offensive,Not_offensive
269,Ennada aruvi movie theme la varuthu...,Not_offensive,Not_offensive
270,Thiruvannamalai mavattam yadavargal sarpagaaa valthukal....ithu kathai illai varalaru....,Not_offensive,Not_offensive
271,"தமிழகத்திற்கு தேவையான ஒரு படம், வெற்றி பெற வாழ்த்துக்கள்",Not_offensive,Not_offensive
272,bank la kaasu collection pandra pune char nenaikuren,Not_offensive,Not_offensive
273,Trisha yen da kamikala rempa MIs panrom..Kandipa intha moviela Trisha character nalla name vangum....,Not_offensive,Not_offensive
274,waw unmaya Vera leval super star Rajinikanth mattum vera lavel,Not_offensive,Not_offensive
275,Did you get it? It's Pink movie.,Not_offensive,Not_offensive
276,oh my god 1hr 376 k likes...,Not_offensive,Not_offensive
277,யுவராஜ் கவுண்டர் பேரவை வேளாளர் ம வெள்ளாளர் சமுதாயத்தின் உணர்வு,Not_offensive,Not_offensive
278,"கடவுளுக்கு சாதி இல்லை, அனால் அந்த கடவுளை வணங்கும் மக்களுக்கு எதற்காக சாதி...",Not_offensive,Not_offensive
279,its time for a pakka masssssivetime....superb .... vijay Annan ki jaiiiiii....BHAIRAVA DAAAAAA....,Not_offensive,Not_offensive
280,திரௌபதி திரைபடத்தை விரைவில் எதிர்பார்த்து நாடக காதல் கும்பலுக்கு இப்படம் ஒரு சவாலாக அமைய வேண்டும் இப்படத்தை எதிர்பவனெல்லாம் நாடக காதல் கும்பல சேர்ந்தவனாதான் இருப்பான் திருவாரூர் மாவட்ட தேவர்பேரவை சார்பாக திரைக்கு வந்து இப்படம் வெற்றியடைய வாழ்த்துக்கள்,Not_offensive,Not_offensive
281,Thala masss a da  da,Not_offensive,Not_offensive
282,Ippadi neraya neraya neraya neraya  Thala v lv u,Not_offensive,Not_offensive
283,Thala ya pudikura thalapathy fans like podunga pa,Not_offensive,Not_offensive
284,Kola MASSS  vera level marana Waiting for movie,Not_offensive,Not_offensive
285,எங்களுக்கு மண்ணு பொண்ணு ரெண்டுமே முக்கியம்அதுல எவன் கைய வெச்சாலும் வெட்டுவோம்தரம்vera levelEagerly waiting for this movie,Not_offensive,Not_offensive
286,Surya Anna fans hit like here,Not_offensive,Not_offensive
287,Podra thalaivar vera level. Trailer kiliyudhu sekiram va thalaiva,Not_offensive,Not_offensive
288,@1:55 thirumba thirumba kekanum pola irukku,Not_offensive,Not_offensive
289,Vera level getup last minute super bro,Not_offensive,Not_offensive
290,Ayyyo thalaiva 20 times paathuten vera leval neeinga dhan yeppavum super star love u thalaiva,Not_offensive,Not_offensive
291,Ethukku da antha Varun ku sambanthame illama oru getup kudukarenga producer na ithellam nanga pakkanuma so waste,Not_offensive,Offensive_Targeted_Insult_Individual
292,School life ல என் தலைவன் யோகிபாபு எப்டி இருப்பாரோ  படம் Hit confirm Wishes to தளபதி ரசிகர்கள்,Not_offensive,Not_offensive
293,Ayoo trisha vjs vida thalaivar simran young ah irkangaaaaaaa...attitude vera level,Not_offensive,Not_offensive
294,vera level... pakka blockbuster for sure... :) all d best anna (y),Not_offensive,Not_offensive
295,உடையார் இனத்தின் சார்பாக மனமார்ந்த நன்றி மற்றும் வாழ்த்துக்கள்,Not_offensive,Not_offensive
296,20 millions views varum nu soldra guys mattum hit likes,Not_offensive,Not_offensive
297,Comali trailer nallarukuna like pannu ka,Not_offensive,Not_offensive
298,After this movie thalaiyoda level summa roket mari mela parakum neenga rumba nallayirukanam thala,Not_offensive,Not_offensive
299,Release kulla 15 million views varanum bro,Not_offensive,Not_offensive
300,Suriya +kv anand+ mohanlal = verithanam,Not_offensive,Not_offensive
301,Ithula jathiya thandi ponna pathi kathai ithu pakanum,Not_offensive,Not_offensive
302,Shanker fans hit like,Not_offensive,Not_offensive
303,இதுல தலைவர் ரஜினி பத்தி ஜெயம் ரவி ஒன்னும் தப்பா சோல்லலையே உண்மைய சொன்னது ஒரு தப்பா,Not_offensive,Not_offensive
304,Trailer verithanam kandipa nan fdfs dhan,Not_offensive,Not_offensive
305,கவரா நாயுடு மக்கள் சார்பாக படம் வெற்றி பெற வாழ்த்துக்கள்,Not_offensive,Not_offensive
306,i m vijay fan but thala yam masssss,Not_offensive,Not_offensive
307,25 minutes la 100 k likes varumaa?,Not_offensive,Not_offensive
308,Teaser paatha mattum pathathu... Share pannanum mukkiyama download panni share pannama link ah share pannunga frds,Not_offensive,Not_offensive
309,"Selvaraghavan ipdi oru movie pannuvaaraaaaa? Ithayaachum udaney paaraattunga, 10 varusham kalichu paaraattaathinga makkaley...",Not_offensive,Not_offensive
310,ena bgm da veri level overloaded,Not_offensive,Not_offensive
311,Thalaiva veriththanama iruku ...vera level teaser ....,Not_offensive,Not_offensive
312,தமிழ்நாட்டில்  உள்ள  வன்னியர்கள்  திரௌபதி  படத்தினை  தியேட்டர்  சென்று  பார்த்தாலே படம்  பிளாக் பஸ்டர்....,Not_offensive,Not_offensive
313,Kolaveri Mass .......Mass ku Ellam Mass Thalaivar Super Star,Not_offensive,Not_offensive
314,"Batman,superman,spiderman ivanga varisaila mugamoodi?  Sk anna- thambi ponga thambi poi oorukula yengala pathi kelunga thambi",Not_offensive,Not_offensive
315,Vijay sethupathi bro.. you are always massssssssssuuuuuuuuu....,Not_offensive,Not_offensive
316,Str fans vj fans treat erku,Not_offensive,Not_offensive
317,Trailer Semmaiya irukku Pakka Blockbuster  Party Time Thalaaaa,Not_offensive,Not_offensive
318,"நான் தலித் தான் என் காதல் மனைவி வன்னியர், நாங்க நல்ல தான இருக்கோம் சென்னைல,  அவங்க famalium நாங்களும்  இந்த ஜாதி எல்லாம் பட்டிக்காட்டு பக்கம் தான் ப்ரோ  மனுசன மாறுங்க ப்ளிஸ்",Not_offensive,Not_offensive
319,வடக்கு வன்னியர் சார்பாக படம் வெற்றி பெற வாழ்த்துகள்,Not_offensive,Not_offensive
320,Next movie release aaguravaryum enga thalaya paathukinnay iruppom,Not_offensive,Not_offensive
321,இரண்டு படங்களின் Trailer பார்த்த மாதிறி இருக்கிறது,Not_offensive,Not_offensive
322,Vera level yapo movie varum jayamravi awesome,Not_offensive,Not_offensive
323,Ponmaanikavel sir oda perah abuse pannaama irrundha nallaa irrukum,Not_offensive,Offensive_Targeted_Insult_Individual
324,Indha pongaluku release ana  Adutha pongal Vara odanumndravanga like podunga.,Not_offensive,Not_offensive
325,G***mala thala tucker doi!!!! Film blockbuster!!,Not_offensive,Not_offensive
326,Karthi sir u r made  Thank u  Super star change illa semma style marna mass nadippu,Not_offensive,Not_offensive
327,1:04 To 1:13 Dialogue Vera Level,Not_offensive,Not_offensive
328,Suriya annan ishtam. Teaser and Trailer Vere level da machi.... Naanka #kaaathiripom NGK.......,Not_offensive,Not_offensive
329,BEST WISHES FROM THALAPATHY FANS,Not_offensive,Not_offensive
330,தளபதி விஜய் ரசிகர்கள் சார்பாக வாழ்த்துகள்  மிக அருமையான படமாக அமையும் ... மருது படம் போல்,Not_offensive,Not_offensive
331,50K left for 600K likes,Not_offensive,Not_offensive
332,Sema semaaaaaa ... Waiting to see,Not_offensive,Not_offensive
333,Vera Vera Vera level thalaivar Padam na summa va,Not_offensive,Not_offensive
334,சிவகங்கை மாவட்டம் முக்குலத்தோர் சார்பாக படம் வெற்றி பெற வாழ்த்துக்கள் இது போன்ற படம் தமிழ்நாட்டுக்கு மிகவும் முக்கியம்  Thanks Mohan J,Not_offensive,Not_offensive
335,நானும் தேவன் தான்டா ஆனால் என் தாத்த பசும்பொன் தேவனாகிய கடபிடிக்கிறவன் .  நாம  உயர்ந்தவர்கள் தான்  ஆனால் சாதியால் இல்ல  எல்லா சாதியம் சம நினைத்து பிறருக்கு உதவுவதில்,Not_offensive,Not_offensive
336,VAROM   »»NGK. »»Kaapan »»  Soorari potru. »»,Not_offensive,Not_offensive
337,mass na vjiay vjiayna mass bythalafans,Not_offensive,Not_offensive
338,Suriya fans elarum athigama comment pannunga,Not_offensive,Not_offensive
339,Evalo Peru pink Trailer parthinga like podunga,Not_offensive,Not_offensive
340,"மோகன் மச்சான் மிகவும் பெருமையாக இருக்கிறது, உனது படைப்பு சரித்திர/சத்திரிய வெற்றி பெற நல்வாழ்த்துக்கள் வாழ்க நளமுடன்",Not_offensive,Not_offensive
341,Mass mass mass mass mass mass mass mass mass mass mass mass Masss Marana mass THALAIVER...... MASS,Not_offensive,Not_offensive
342,Ghibran ku aaagavey padam hit aaganum,Not_offensive,Not_offensive
343,Deepika or Nayan would have been good,Not_offensive,Not_offensive
344,ha ha ha comedy movie de...,Not_offensive,Not_offensive
345,keka trailer...kevv keka...all the best  from  superr starr  MAHESH BABU  fanss...prince...,Not_offensive,Not_offensive
346,தமிழகத்தில் சாதிய பெருமை தலைவிரித்தாடுகிறது என்பதை கீழே உள்ள கமெண்ட்களை படிக்கும் போதே தெரிகிறது... எத்தனை பெரியார் வந்தாலும் இவர்களை திருத்த முடியாது...,Not_offensive,Not_offensive
347,Ending vera level Da saami Arasiyal ku varuvadhu urudhi,Not_offensive,Not_offensive
348,நமக்குள் உட்பிரிவுகள் இருக்கும் வரை...  நாமெல்லாம் சூத்திரர்களே...  வேண்டாம் வெறி...  பேணுவோம் அன்பு...,Not_offensive,Not_offensive
349,"Vjs, udanbu veengittu varuthu, 45 vayadhu  mathiri theriyuthu,. Nallave ille,  middle age RO ok a chose pannu",Not_offensive,Not_offensive
350,theriiiiii trailer 1 crore views guarantee,Not_offensive,Not_offensive
351,30 time mela pathuta.. ‍.. Bayamave iruku.. Yenna acting da yeppa...  #Dhanush best movie ha irukum Bgm,Not_offensive,Not_offensive
352,ONE WORD : MASTERPIECE  THANKYOU SHANKAR SIR FOR VFX TREAT,Not_offensive,Not_offensive
353,Idhey mari na oru shortfilm pathurukaney,Not_offensive,Not_offensive
354,Naan oru vela vjs acting ku addict aayittena.... 🤔,Not_offensive,Not_offensive
355,Ellarum oru tharava joora kai thattunga.,Not_offensive,Not_offensive
356,semma  mass lov u vijay,Not_offensive,Not_offensive
357,Yuvan vera level ..... BGM speaks a lot,Not_offensive,Not_offensive
358,இது 1996 யார ஏமாத்த பாக்குறீங்க 🤔🤔🤭🤭🤭 Hope you guys understood,Not_offensive,Not_offensive
359,Marana maasssss thala love  you #srilankan thala fansss,Not_offensive,Not_offensive
360,"Rajini eh vaee sight adikaavechtangalaee..he looks handsome ,..makeupartist",Not_offensive,Not_offensive
361,Yanna pa sollama kollama eppati release,Not_offensive,Not_offensive
362,Hollywood kaaranalatha mudiyumnu illa tamilanaalayum mudiyum da example shankar sir,Not_offensive,Not_offensive
363,Rajini sirku therium yapa ena pananumnu nega yalarum avara pathi pasi ungala publicitydha panikarega avaruku opposite a pasara yalarumay Oru publicitykagadha pasarega suyama ungalukunu per sambarega Vijay sir ajith sir mare Suma mathavagala vachu game aadadhega,Offensive_Targeted_Insult_Group,Not_offensive
364,"views 27 ,likes 512, dislike 7 OMG fake world",Offensive_Targeted_Insult_Group,Not_offensive
365,Ena da kaththi padatha eduthu vechurkeenga.. VJS double role ah..,Offensive_Targeted_Insult_Group,Not_offensive
366,Oruthar mela Viswasam kaatrathukkaga..innoruthara yen Asinga Paduthuringa?? #Thala #Thalabathy #Fans #Fight,Offensive_Targeted_Insult_Group,Not_offensive
367,vettu vonda Ena pinngal mela kaiyavachinga savu adichuduve,Offensive_Targeted_Insult_Group,Not_offensive
368,Ithu 96 yara yematha pakkra..  innumaya athey dialogue...,Offensive_Targeted_Insult_Group,Not_offensive
369,Epdi muku naalum first part maari varadhu,Offensive_Targeted_Insult_Group,Not_offensive
370,Motha padathayum trailer la pota... Padathla Ena da irkum?!,Offensive_Targeted_Insult_Group,Not_offensive
371,#Big Boss V2kula #Kavina #Kathoda Apunane Avan Thane #Hero #Pradeep Antony🤣🤣🤣,Offensive_Targeted_Insult_Group,Not_offensive
372,Andha 4.2k dislikes rajini pans 🤣,Offensive_Targeted_Insult_Group,Not_offensive
373,படம் நாசமா போக வாழ்த்துக்கள்    போங்கடா சாதி வெறி பிடிச்ச பு**டைகளா,Offensive_Targeted_Insult_Group,Not_offensive
374,Dai vani bhojan engada ivlo kammiaya katirukinga pongadaaa,Offensive_Targeted_Insult_Group,Not_offensive
375,Padam confirm floppu sorry no disrespect,Offensive_Targeted_Insult_Group,Not_offensive
376,Chinna Vayasula Eri la kulipom la anga kuttitu poda adhu mella dhan nadandhutu irukkom🤐 Enna da Jayam Ravi  mathiri varuva partha Nilalgal ravi mathiri vara,Offensive_Targeted_Insult_Group,Offensive_Targeted_Insult_Individual
377,Thalaivaraaa insult pannurathu remba remba thappu,Offensive_Targeted_Insult_Group,Not_offensive
378,Ponna thotta .. kaiya vettuvinhala. ... pollachi sambavathapo yenhada poninha ..,Offensive_Targeted_Insult_Group,Not_offensive
379,No dialogue music copy from titan give royalltey,Offensive_Targeted_Insult_Group,Not_offensive
380,"எப்பா ஆண்டைகளா???.  என்னவோ திரௌபதி முதலில் கர்ணனை தான் விரும்பினாளாம், அதன் பின் அவன் சூத்திரன் என்று தெரிந்து கொண்ட பின் அர்ஜுனனை விரும்பியதாகவும் சொல்கிறார்கள்.  அதனால் தான் நாடக காதலை பற்றிய   படத்துக்கு அவர் பெயர் வைத்ததாகவும் சொல்கிறார்கள்..  உண்மையா பா?????",Offensive_Targeted_Insult_Group,Not_offensive
381,2nd fastest 100k likes next to rajini....DOLA FANs seruppadiiiiiiiii,Offensive_Targeted_Insult_Group,Not_offensive
382,Intha Like pichai eduthu enna panna poraanunga🤔🤔,Offensive_Targeted_Insult_Group,Not_offensive
383,குற்றமுள்ள நெஞ்சு குறுகுறுக்கும் அதுபோல எவன் இந்த படத்தை எதிர்க்கிறா அவனெல்லாம் குற்றவாளிதான்,Offensive_Targeted_Insult_Group,Offensive_Targeted_Insult_Individual
384,"காலா, கபாலி, அசுரன், பரியேறும் பெருமாள் இத்தனையும் சமூகநீதிப்படம்னா...*த்தா இது மட்டும் எப்டிடா ஜாதிவெறிப்படமாகும்... Proud Hindu & சைவ வெள்ளாளர் சமூதாயத்திலிருந்து இப்படம் வெற்றிபெற வாழ்த்துகிறேன்...",Offensive_Targeted_Insult_Group,Not_offensive
385,Ootha ungala Elam thirutha mudiyathu da sathi sathi nu ethana naal dhan pirinchi nippinga ?? Ena da mel sathi keel sathi nu frst indha madhiri padam edukura naai ha adikanum da .thuuuu youngster ha makkal ha sathi nu pirikikurangaa... naam elarum thamizhargal da sathi ha vitu thamizhar nu nillunga,Offensive_Targeted_Insult_Group,Not_offensive
386,மண்ணு பொண்ணு ரெண்டுமே ஒன்னு அதுல எவன் கைய வச்சாலும் வெட்டுவோம்   மரண வெய்ட்டிங் ப்ரோ .. திரெளபதி  திருநெல்வேலி  சீமை    தென்காசி மாவட்டம் நெடுவயல் வன்னிய குல ஷத்ரியர் சமுதாயம் சார்பாக  திரைபடம் வெற்றி பெற வாழ்த்துக்கள்,Offensive_Targeted_Insult_Group,Not_offensive
387,STR🤩🤩🤩VJS yapo da padatha release pannuvinga?,Offensive_Targeted_Insult_Group,Not_offensive
388,Saadhi veri pudicha naainga than indha maadhiri padathukku support pannum....,Offensive_Targeted_Insult_Group,Not_offensive
389,varlan varlan va bairavaa............ dhala fans enga aalaiyee kaanam .......,Offensive_Targeted_Insult_Group,Not_offensive
390,Unlike pannava ava amma Ellam item tha,Offensive_Targeted_Insult_Group,Not_offensive
391,Chinna vayusaula erila kuzhipola Anga Pola Adhu Mela than nadakurom,Offensive_Targeted_Insult_Group,Not_offensive
392,நாம் தமிழர் அண்ணன் சீமானின் கோவத்தை NGK படத்திள் பார்களாம் NTK.....,Offensive_Targeted_Insult_Group,Not_offensive
393,3k dislikes from அரசியலுக்கு வருவது உறுதி' fans.... பாவத்த,Offensive_Targeted_Insult_Group,Not_offensive
394,அருந்ததியர் சமூகம் சார்பாக இந்த திரைப்படத்தை காரி உமிழ்கிறோம்,Offensive_Targeted_Insult_Group,Not_offensive
395,KEKKA BEKKA SHORT FILM....KATHAI ROMBA PALASU,Offensive_Targeted_Insult_Group,Not_offensive
396,1:56  in seeman thombiga yealarum paruga da !,Offensive_Targeted_Insult_Individual,Not_offensive
397,Kadasiya neeyym unga appanum phsycovathanda aga poringa,Offensive_Targeted_Insult_Individual,Not_offensive
398,Anils ku vairu eriuthu pola,Offensive_Targeted_Insult_Individual,Not_offensive
399,Thiruma kunji  kalai cmt box ku azhaikurom🤣🤣🤣,Offensive_Targeted_Insult_Individual,Not_offensive
400,Yanakku nadikka teriyadu Stalin ku nadhipunave yennanu teriyadu,Offensive_Targeted_Insult_Individual,Not_offensive
401,Entha padam velangathu da nasama poidum da,Offensive_Targeted_Insult_Individual,Not_offensive
402,Ajith ku set agala.. No mass scene,Offensive_Targeted_Insult_Individual,Not_offensive
403,edhukku indha loosu pundai aryava movie la eduthinga gowtham karthick nalla irunthurukkum,Offensive_Targeted_Insult_Individual,Not_offensive
404,Gotha epo dhan da bigil trailer viduvinga,Offensive_Targeted_Insult_Individual,Not_offensive
405,Yenda Teaser ra vittu kittu irrukangae padhatha eppa da vidue vinga,Offensive_Targeted_Insult_Individual,Not_offensive
406,"Sathiyama  ithu ajith pada trailer ah.....Kevalama iruku vera level la yethirpathen ,,,, disappointing",Offensive_Targeted_Insult_Individual,Not_offensive
407,🤣🤣 ama ama suyama sintheenga da . . . Batman ah en da ipdi copy adikirenga,Offensive_Targeted_Insult_Individual,Not_offensive
408,Rangaraj pande ipodhan theridhu neenga en thandhi tv la irundhu vandhinga,Offensive_Targeted_Insult_Individual,Not_offensive
409,நான் அரசியலுக்கு வருவது உறுதி...   அட சண்டாளா 20 வருசமா ஏமாதிட்டு இருந்துருக்கான் பாரேன்...,Offensive_Targeted_Insult_Individual,Not_offensive
410,Enna da hip hop Thalapathy padathukku srikkura thala padathukku srikka matraa,Offensive_Targeted_Insult_Individual,Not_offensive
411,BGM Nerkonda Paarvai Madhiri eh iruke,Offensive_Targeted_Insult_Individual,Not_offensive
412,One more flop for Shankar,Offensive_Targeted_Insult_Individual,Not_offensive
413,Likes for only Raja sir myskin  combo not for moonram kalaignar,Offensive_Targeted_Insult_Individual,Not_offensive
414,Pa ranjith .....இந்த படமும் ஒரு சமூக படம் தான்.... இத பத்தி நீங்க பேசவும்.... இது உங்கள் முக திரையை கிழிக்கும்....... இது ஒரு வெற்றி படம்..,Offensive_Targeted_Insult_Individual,Not_offensive
415,i think vaseegaran will die in this movie!!!,Offensive_Targeted_Insult_Individual,Offensive_Targeted_Insult_Individual
416,"Intha selvaakai vaithu ivar arasiala onnum pudunga mudiyaathu.  Venum endral, thanudaya padahukku athigamamna vilayil black ticket vithu panam sambathikalaam. Thamil makklaukku intha karumiyai patri indru nalave theriyum.",Offensive_Targeted_Insult_Individual,Not_offensive
417,potrukadhu wig idhula periyaa scene vera wigmandayan vigay,Offensive_Targeted_Insult_Individual,Not_offensive
418,sethanda kuruma. avanuku support pannum sudalai um olikanum,Offensive_Targeted_Insult_Individual,Not_offensive
419,likuu varanummm athu enkalukku mattumthan varanumm..  eppa sollunga nanga nallvangala kettavangala..,Offensive_Targeted_Insult_Individual,Not_offensive
420,2 padam nadichitu neelam vj padatha disgrace panra,Offensive_Targeted_Insult_Individual,Offensive_Targeted_Insult_Individual
421,Looks like she was soaked over night in water.....,Offensive_Targeted_Insult_Individual,Not_offensive
422,Want to see Ajak mama in underwear,Offensive_Targeted_Insult_Individual,Offensive_Targeted_Insult_Individual
423,or ak super duper flop kangana movie...coming soon...🤣🤣,Offensive_Targeted_Insult_Individual,Not_offensive
424,selvaragavan da.....13k dislikers um thooku maatitu savungada,Offensive_Targeted_Insult_Individual,Not_offensive
425,இப்போதான் அங்க ஒருத்தன் குத்துது குண்டி எரியுதுன்னு சொல்லிட்டு வருவான்,Offensive_Targeted_Insult_Individual,Not_offensive
426,Sotta thala rajiniya Super ah kalachiteenga Super Super ummmmma,Offensive_Targeted_Insult_Individual,Not_offensive
427,"Stupids..  Rajini 1996'le Sonnathu Vera. Aana Ippo Varaikkum Rajini'ye Target Panringee.  Mr Jayam Ravi..Its Not Your Vijay. Its Rajini.Sonathe kandippa seivaru.  Vijay mathiri Fans kitte Kaasu Vangikittu, taanam tarmam seiyarathu",Offensive_Targeted_Insult_Individual,Offensive_Targeted_Insult_Individual
428,ரஜினி சாரை வெச்சு காமெடி என்கிற பெயரில் நல்ல பல்பு வாங்குறீங்க,Offensive_Targeted_Insult_Individual,Not_offensive
429,No varities from u.........sema bore pa....,Offensive_Targeted_Insult_Individual,Not_offensive
430,Enga shortfilm ah theduna kedaiklinu paatha atha thirudi periya padam panringa...but hero is not perfect like before..,Offensive_Targeted_Insult_Individual,Not_offensive
431,Last dialogue bigil ku sonna mathiri iruku,Offensive_Targeted_Insult_Individual,Not_offensive
432,enga thala thaanda eppavume gethu meethi ellaarum vethu,Offensive_Targeted_Insult_Other,Not_offensive
433,nice aana teaser starting laa vandha dialogue mgr sir engaveetu Pillai la padina naan anai etal ooda middle lines laa...,Offensive_Targeted_Insult_Other,Not_offensive
434,ஜாதியாவது கூதியாவது சுன்னிகளா... போட்ட தேவுடியா பெருசுங்களா,Offensive_Targeted_Insult_Other,Not_offensive
435,"Padam flop dhan pola, enna vijaya production logo hindi la eruku modhala adha mathungada",Offensive_Targeted_Insult_Other,Offensive_Targeted_Insult_Individual
436,2019 this year Surya Anna karthi thambi fans year daaaaa i love you 2 thalivar gala mass hero,Offensive_Targeted_Insult_Other,Not_offensive
437,intha padam kadaisi verai unarvukalai thoondi kadasiyil pillai seen ala veiththathu.... best .  hot illa songs ill a,Offensive_Targeted_Insult_Other,Not_offensive
438,இயற்கையாகவே உற்பத்தி ஆகுற நதிய தனக்கு மட்டும் சொந்தம் கொண்டாடுர உரிமய யாருங்க குடுத்தா...,Offensive_Targeted_Insult_Other,Not_offensive
439,better luck next time!  :D :D :D,Offensive_Targeted_Insult_Other,Not_offensive
440,2:14 mission impossible scene suttutingale da...,Offensive_Untargetede,Not_offensive
441,Yogi babu koko 500k Super star rajinikanth ku 374k tha thu thu entha vayasula ethu thavaiya da,Offensive_Untargetede,Not_offensive
442,I have never seen avideo like it this is killer,Offensive_Untargetede,Not_offensive
443,Marana bangam to thalaivar... Hey ithu 96 yaara ematha parkura🤣🤣,Offensive_Untargetede,Not_offensive
444,Irungada !! Nalla rewind panni pathukuren !!!! Ethe pakanumnu terle ..beyond words !!!!!,Offensive_Untargetede,Not_offensive
445,Cell phone ah kaanoomaaaa appoooo Siva Kumar ah thaan keatkanum ..oorela Iruka yellaa phoneayum veri thanama veattayaadraan yaaa🤣,Offensive_Untargetede,Not_offensive
446,Bruce Wayne : Enna simran idhellaam,Offensive_Untargetede,Not_offensive
447,Romba nerama pakuren 467299views la nikkuthu.... ena da paninga ethavathu panitingala ena.....,Offensive_Untargetede,Not_offensive
448,Teaser pathutu olu otavanungala  oora vitu odungada,Offensive_Untargetede,Not_offensive
449,Enikoru doubt.. kadaram kondan um drivanatchathiram vm rand cnma aano.. atho onnaano,Offensive_Untargetede,Not_offensive
450,Saavumna sanda pottu saavanum sir bayathula kaila kalula vilunthu saava koodathu,Offensive_Untargetede,Not_offensive
451,"Yow innaya ithu ,,,,shankarala mattum than ippadi mudiyum semma weight",Offensive_Untargetede,Not_offensive
452,All Tamilians look like Africans lol,Offensive_Untargetede,Offensive_Targeted_Insult_Group
453,துபாய் பாலைவனமாய் இருந்ததா அந்த மக்கள் சோலைவனம் மாற்றி இருக்காங்க ஆனா தமிழ் நாடு சோலை வனமாக இருந்ததா ஏன்டா பாலைவனம் மாத்தறீங்க,Offensive_Untargetede,Not_offensive
454,worst teaser !! enna da kuppai lorry ah otaran...? lol varlam va varlam va lol :P thu,Offensive_Untargetede,Not_offensive
455,Marvel dc fans ellam orom pongada 🤣🤣,Offensive_Untargetede,Not_offensive
456,suma kaththaatha da sound over a pooda kudaathu pa s3 1 month oda stop aakidum then bairavaa da aaddchi than kaththi kaththi thondaiya kilikatha pa,Offensive_Untargetede,Not_offensive
457,Dei ithula vara theme morbious padam theme da deii yen daaa ippdiii...,Offensive_Untargetede,Not_offensive
458,Namaku thevayaanadha namma thaan adichu vaanganum,Offensive_Untargetede,Not_offensive
459,Evan ellam dislike pannano avan manishan illa,Offensive_Untargetede,Offensive_Targeted_Insult_Individual
460,Paka thana pora Inda kaliy to atatha,Offensive_Untargetede,Not_offensive
461,Enangada NKP theme music ah potu vachirukinga,Offensive_Untargetede,Not_offensive
462,Maranam maasu maranam... Toughuu taranumm.... Athukku avanthan porandhu varanum....,Offensive_Untargetede,Not_offensive
463,Padam full ah iruttah irukkum polaye,Offensive_Untargetede,Not_offensive
464,Pakarathuku Chinna paiyan maathiriya ???? poi sonnalum oru nayam venamada !!!,Offensive_Untargetede,Not_offensive
465,Mavamey kollama vidamate... ipo sweet sapaporom,Offensive_Untargetede,Not_offensive
466,Waste Moka nu solravanlam Moka pasanga moka movie paakuravanunga,Offensive_Untargetede,Not_offensive
467,1:20 ithu unaku konjam over lolu da aadhi.... Va va vetchu seiya poranga  Ajith Vijay scenes movie la ooti claps vangura neenga lam ..... Avanga scenes ooti keli panni sirika arambichuteenga,Offensive_Untargetede,Not_offensive
468,புளுசட்ட review பாத்து சிரிச்சவங்க like பன்னுங்க,Offensive_Untargetede,Not_offensive
469,This is what you call MUSIC?  TRASH-worthy.....Kadhavula eli mattina maadhiri kathinaa paattaa?  thoooooooo,Offensive_Untargetede,Offensive_Targeted_Insult_Other
470,Ellam avan seyal film mari iruke lyt ah dha full ah illa,Offensive_Untargetede,Not_offensive
471,"Evana pakka Chinna paiyan marri irukkan ,,,,,,F*** girl",Offensive_Untargetede,Offensive_Targeted_Insult_Other
472,Nammaku tevaiyanada namma taan adichi vaanganum; Padipa mattum nammakitta irundu edutuka mudiyathu,Offensive_Untargetede,Not_offensive
473,Dislike pannavan Ellamea raththam kakki saavaan...,Offensive_Untargetede,Offensive_Targeted_Insult_Individual
474,Ajith boss Veathalam for sister.... Vivegam for wife... Visvasam for dauter #nerkonda paarvai  PUBLIC ku,Offensive_Untargetede,Not_offensive
475,go to hell who disliked this trailer ningela kanu theriathe kurudenatha irukanu ithuku mele eneda ongeluku venu,Offensive_Untargetede,Offensive_Targeted_Insult_Individual
476,"Ada paavingala june 22 kaga ipo pathu veri ethuraingalee,",Offensive_Untargetede,Not_offensive
477,***tha  Remake na Ippadi irukanum,Offensive_Untargetede,Not_offensive
478,Poda losu punda 96 IL thalaivar haraciyalucku varuven endru sonnaraa,Offensive_Untargetede,Not_offensive
479,Ivan vera siripu ivanuku oru loosu followers vera,Offensive_Untargetede,Not_offensive
480,18k dislike pple hang yourself Teaser is mind blowing 80s Rajini sir is back,Offensive_Untargetede,Not_offensive
481,1 week 10 mil after 2 weeks 20 mil...?,Offensive_Untargetede,Not_offensive
482,Bollywood kalank se bhi better film hoga,not-Tamil,Not_offensive
483,Jinko Tamil Kuche Bhi Nahi Samja O Thodo Like......,not-Tamil,Not_offensive
484,Kon kon tiktok pay sun kar yaha aaya,not-Tamil,Not_offensive
485,Bc ajith kajal ka baap lag raha hai  seriously bc ye kya hai ? baal toh colour kar leta,not-Tamil,Not_offensive
486,Are vah mja aavse mara bhai nu movie aave che...,not-Tamil,Not_offensive
487,Hindi me Upload Karo Bhai Ea movie ke,not-Tamil,not-Tamil
488,iSmart Shankar movie YouTube par Kab Aayegi YouTube,not-Tamil,Not_offensive
489,Me no so so in love love an,not-Tamil,Not_offensive
490,Lyca hindi m bhi release krna,not-Tamil,Not_offensive
491,Maas Thala Thalei Viduthslei Mulu Saritthiram Padei,not-Tamil,Not_offensive
492,"rey endhidhi,,, aaaa maakentidi antunna. Brathakanivvandra babu janalni",not-Tamil,Not_offensive
493,Ye kya look hai bhai  Plastic ki gudiya kangana how can u do this,not-Tamil,not-Tamil
494,Hindi mai kb aayega 2.0 ka trailer,not-Tamil,not-Tamil
495,Teaser kandittu ithu marana mass iteam aayirikkum jillayill vannna lalettan aayirikkillllaaaaa..... Athu pole thannne nammude swantham suryiayude pwoli performanceum kaanumwaitingggggggg.....,not-Tamil,Not_offensive
496,مسلسل : مشاوير التكسي  الحلقة : ( 6 ) عنوان الحلقة : سيره رده بس    : مؤسسة عُمان ميديا للإنتاج الفني  تاليف و إخراج : إبراهيم الخميسي  لتصلك الحلقة القادمة من المسلسل الرجاء الاشتراك بالقناة  و تفعيل زر الجرس   رابط القناة :,not-Tamil,not-Tamil
497,تحيه للشعب السعوديه العضيم بكل مكان متواجدين,not-Tamil,not-Tamil
498,Mast hai main tik tok se dekh ke aya hun,not-Tamil,not-Tamil
499,"Ita theme 5 varsham munb prithviraj sir chayyunna vidhathil njan vijarichatann,but kadha aaka ketath njanum Anta friendsum matram  aarod parayanam Ann ariyatond aarondum paranjilla ,IPO ith kandapol orupad Santhoshamayi,hatsoff guys",not-Tamil,Not_offensive
